1	Asus	Asus_Zenfone_2
1	Asus	Asus_Zenfone_5
1	Asus	Asus_Zenfone_C
1	Asus	Zendfone
1	Asus	Zenfone_2
1	Asus	Zenfone_5
1	Asus	Zenfone_C
1	BlackBerry	BlackBerry_Passport
1	BlackBerry	BlackBerry_Q10
1	BlackBerry	BlackBerry_Z10
1	BlackBerry	Q10
1	BlackBerry	Z10
1	Bphone	BPhone
1	Bavapen	Bavapen_B550
1	Bavapen	B550
1	HTC	HTC_Desire
1	HTC	HTC_Desire_526G
1	HTC	HTC_Desire_820q
1	HTC	HTC_Desire_820s
1	HTC	Desire_526G
1	HTC	Desire_820q
1	HTC	Desire_820s
1	HTC	HTC_One
1	HTC	HTC_One_M7
1	HTC	HTC_One_M8
1	HTC	HTC_One_M9
1	HTC	One_M7
1	HTC	One_M8
1	HTC	One_M9
1	HTC	M7
1	HTC	M8
1	HTC	M9
1	Apple	iPhone
1	Apple	iPhone_5
1	Apple	iPhone_5C
1	Apple	iPhone_5S
1	Apple	5C
1	Apple	5S
1	Apple	iPhone_6
1	Apple	iPhone_6 Plus
1	Apple	6 Plus
1	Apple	6
1	Apple	6S
1	Apple	6S Plus
1	Apple	iPhone_6S
1	Apple	iPhone_6S Plus
1	LeTV	Le1
1	LeTV	Le1_Pro
1	LeTV	Le_Max
1	Lenovo	Lenovo_A5000
1	Lenovo	Lenovo_A6000
1	Lenovo	Lenovo_K3_Note
1	Lenovo	Lenovo_P70
1	Lenovo	Lenovo_S90
1	Lenovo	Lenovo_A328
1	Lenovo	A5000
1	Lenovo	A6000
1	Lenovo	K3_Note
1	Lenovo	P70
1	Lenovo	S90
1	Lenovo	A328
1	Lenovo	Vibe_Shot
1	Lenovo	Lenovo_A7000
1	Lenovo	A7000
1	LeTV	LeTV
1	LG	LG_G2
1	LG	LG_G2 Docomo
1	LG	LG_G3
1	LG	LG_G3 2_SIM
1	LG	G2
1	LG	G2 Docomo
1	LG	G3
1	LG	G3 2_SIM
1	LG	Optimus_G
1	LG	G4
1	LG	LG_G4
1	LG	G4 Stylus
1	LG	G4 Magna
1	Microsoft	Lumia
1	Microsoft	Lumia_1020
1	Microsoft	Lumia_435
1	Microsoft	Lumia_530
1	Microsoft	Lumia_532
1	Microsoft	Lumia_540
1	Microsoft	Lumia_630
1	Microsoft	Lumia_640
1	Microsoft	Lumia_640_XL
1	Microsoft	Lumia_730
1	Microsoft	Lumia_830
1	Microsoft	Lumia_930
1	Microsoft	Microsoft_Lumia
1	Microsoft	Microsoft_Lumia_1020
1	Microsoft	Microsoft_Lumia_435
1	Microsoft	Microsoft_Lumia_530
1	Microsoft	Microsoft_Lumia_532
1	Microsoft	Microsoft_Lumia_540
1	Microsoft	Microsoft_Lumia_630
1	Microsoft	Microsoft_Lumia_640
1	Microsoft	Microsoft_Lumia_640 XL
1	Microsoft	Microsoft_Lumia_730
1	Microsoft	Microsoft_Lumia_830
1	Microsoft	Microsoft_Lumia_930
1	Microsoft	Nokia_Lumia
1	Microsoft	Nokia_Lumia_1020
1	Microsoft	Nokia_Lumia_435
1	Microsoft	Nokia_Lumia_530
1	Microsoft	Nokia_Lumia_532
1	Microsoft	Nokia_Lumia_540
1	Microsoft	Nokia_Lumia_630
1	Microsoft	Nokia_Lumia_640
1	Microsoft	Nokia_Lumia_640 XL
1	Microsoft	Nokia_Lumia_730
1	Microsoft	Nokia_Lumia_830
1	Microsoft	Nokia_Lumia_930
1	Nokia	Nokia_1100
1	Nokia	Nokia_7610
1	Nokia	Nokia_8800
1	Siemens	Siemens_SL45
1	Siemens	SL45
1	Motorola	Motorola_Star_TAC
1	Motorola	Motorola_Rarz_V3
1	Motorola	Star_TAC
1	Motorola	Rarz_V3
1	Sony	Sony_Ericsson_W800
1	Sony	Ericsson_W800
1	Samsung	Samsung_E700
1	Samsung	E700
1	Oppo	Oppo_Find_7
1	Oppo	Oppo_Find_7a
1	Oppo	Oppo_Joy
1	Oppo	Oppo_N3
1	Oppo	Oppo_Neo_3
1	Oppo	Oppo_R1k
1	Oppo	Oppo_R5
1	Oppo	Find_7
1	Oppo	Find_7a
1	Oppo	N3
1	Oppo	Neo_3
1	Oppo	R1k
1	Oppo	R5
1	Philips	Philips_W6610
1	Philips	Philips_X256
1	Philips	W6610
1	Philips	X256
1	Samsung	Galaxy_Alpha
1	Samsung	Samsung_Galaxy
1	Samsung	Samsung_Galaxy_A5
1	Samsung	Samsung_Galaxy_A7
1	Samsung	Samsung_Galaxy_Core_Prime
1	Samsung	Samsung_Galaxy_E5
1	Samsung	Samsung_Galaxy_E7
1	Samsung	Samsung_Galaxy_Grand_Prime
1	Samsung	Samsung_Galaxy_Note
1	Samsung	Samsung_Galaxy_Note_2
1	Samsung	Samsung_Galaxy_Note_3
1	Samsung	Samsung_Galaxy_Note_4
1	Samsung	Samsung_Galaxy_Note_5
1	Samsung	Samsung_Galaxy_Note_Edge
1	Samsung	Samsung_Galaxy_S5
1	Samsung	Samsung_Galaxy_S5 au
1	Samsung	Samsung_Galaxy_S6
1	Samsung	Samsung_Galaxy_S6 edge
1	Samsung	Galaxy_A5
1	Samsung	Galaxy_A7
1	Samsung	Galaxy_Core_Prime
1	Samsung	Galaxy_E5
1	Samsung	Galaxy_E7
1	Samsung	Galaxy_Grand_Prime
1	Samsung	Galaxy_Note
1	Samsung	Galaxy_Note_2
1	Samsung	Galaxy_Note_3
1	Samsung	Galaxy_Note_4
1	Samsung	Galaxy_Note_5
1	Samsung	Galaxy_Note Edge
1	Samsung	Galaxy_S5
1	Samsung	Galaxy_S5 au
1	Samsung	Galaxy_S6
1	Samsung	Galaxy_S6 edge
1	Samsung	A5
1	Samsung	A7
1	Samsung	Core_Prime
1	Samsung	E5
1	Samsung	E7
1	Samsung	Grand_Prime
1	Samsung	Note_2
1	Samsung	Note_3
1	Samsung	Note_4
1	Samsung	Note_5
1	Samsung	Note_Edge
1	Samsung	S5
1	Samsung	S5 au
1	Samsung	S6
1	Samsung	S6 edge
1	Sony	Xperia
1	Sony	Xperia_z3
1	Sony	Sony_Xperia
1	Sony	Sony_Xperia_C3
1	Sony	Sony_Xperia_E4
1	Sony	Sony_Xperia_E4_Dual
1	Sony	Sony_Xperia_M2
1	Sony	Sony_Xperia_M2 Aqua
1	Sony	Sony_Xperia_M4
1	Sony	Sony_Xperia_Z3
1	Sony	Sony_Xperia_Z4
1	Sony	Sony_Xperia_Z3 au
1	Sony	Sony_Xperia_Z3c
1	Sony	Sony_Xperia_Z3c Docomo
1	Sony	Sony_Xperia_Z3 Docomo
1	Sony	Xperia_C3
1	Sony	Xperia_E4
1	Sony	Xperia_E4 Dual
1	Sony	Xperia_M2
1	Sony	Xperia_M2 Aqua
1	Sony	Xperia_M4
1	Sony	Xperia_Z3
1	Sony	Xperia_Z4
1	Sony	Xperia_Z3 au
1	Sony	Xperia_Z3c
1	Sony	Xperia_Z3c Docomo
1	Sony	Xperia_Z3 Docomo
1	Sony	C3
1	Sony	E4 Dual
1	Sony	M2
1	Sony	M2 Aqua
1	Sony	M4
1	Sony	Z3
1	Sony	Z4
1	Sony	Z3 au
1	Sony	Z3c
1	Sony	Z3c Docomo
1	Sony	Z3 Docomo
1	Wiki	Wiki_Jimmy
1	Wiko	Wiko_Get_away
1	Wiko	Wiko_Go_a
1	Xiaomi	Xiaomi_Mi_Note
1	Xiaomi	Xiaomi_Mi_Note_Pro
1	Xiaomi	Xiaomi_Mi_4
1	Xiaomi	Xiaomi_Redmi
1	Xiaomi	Xiaomi_Redmi_1S
1	Xiaomi	Xiaomi_Redmi_2A
1	Xiaomi	Mi_Note
1	Xiaomi	Mi_Note_Pro
1	Xiaomi	Mi_4
1	Xiaomi	Redmi
1	Xiaomi	Redmi_1S
1	Xiaomi	Redmi_2A
1	Pantech	Sky_Pantech_Iron_2
1	Pantech	Iron_2
1	Pantech	Sky_Iron_2
2	Acer	Acer_Aspire
2	Acer	Acer_Aspire_E5-771
2	Acer	Acer_Aspire_ES1-711
2	Acer	Acer_Aspire_ES1-711/E5-771
2	Acer	Aspire_E5-771
2	Acer	Aspire_ES1-711
2	Acer	Aspire_ES1-711/E5-771
2	Acer	Acer_V3-371
2	Acer	Acer_V7
2	Acer	Aspire
2	Acer	E5-771
2	Acer	ES1-711
2	Acer	ES1-711/E5-771
2	Acer	V3-371
2	Acer	V7
2	Asus	Asus_ROG
2	Asus	Asus_ROG_G751JY
2	Asus	Asus_X553MA
2	Asus	Asus_ZenBook
2	Asus	Asus_ZenBook_UX305
2	Asus	Asus_X452LAV-VX233D
2	Asus	ROG
2	Asus	ROG_G751JY
2	Asus	X553MA
2	Asus	ZenBook
2	Asus	ZenBook_UX305
2	Asus	X452LAV-VX233D
2	Samsung	ATIV_Blade
2	Samsung	ATIV_book_Blade
2	Dell	Dell_Inspiron
2	Dell	Dell_Inspiron_14R-N5447
2	Dell	Dell_Inspiron_7000_Series
2	Dell	Dell_Inspiron_N3542
2	Dell	Dell_Inspiron_N7537
2	Dell	Dell_Vostro_1400
2	Dell	Inspiron
2	Dell	Inspiron_14R-N5447
2	Dell	Inspiron_7000_Series
2	Dell	Inspiron_N3542
2	Dell	Inspiron_N7537
2	Dell	Vostro_1400
2	Dell	14R-N5447
2	Dell	7000_Series
2	Dell	N3542
2	Dell	N7537
2	HP	HP_Pavillion
2	HP	HP_Pavillion_14
2	HP	HP_15-r042TU
2	HP	Pavillion
2	HP	Pavillion_14
2	HP	15-r042TU
2	Lenovo	lavieZ
2	Lenovo	Lenovo_lavie_ZHZ550
2	Lenovo	Lenovo_ThinkPad
2	Lenovo	Lenovo_ThinkPad_X250
2	Lenovo	Lenovo_Y7070
2	Lenovo	lavie_ZHZ550
2	Lenovo	Lenovo_ThinkPad
2	Lenovo	ThinkPad_X250
2	Lenovo	Y7070
2	MacBook	MacBook_Air
2	MacBook	MacBook_Air_11_inch
2	MacBook	MacBook_Air_13_inch
2	MacBook	MacBook_Pro
2	MacBook	MacBook_Pro_Retina
2	MacBook	Air
2	MacBook	Air_11_inch
2	MacBook	Air_13_inch
2	Samsung	Samsung_ATIV_Blade_9
2	Samsung	ATIV_Blade_9
2	ThinkPad	ThinkPad_E450
2	ThinkPad	ThinkPad_E550
2	ThinkPad	ThinkPad_L450
2	ThinkPad	ThinkPad_T450
2	ThinkPad	ThinkPad_T450/T550/T450s
2	ThinkPad	ThinkPad_T450s
2	ThinkPad	ThinkPad_T550
2	ThinkPad	E450
2	ThinkPad	E550
2	ThinkPad	L450
2	ThinkPad	T450
2	ThinkPad	T450/T550/T450s
2	ThinkPad	T450s
2	ThinkPad	T550
2	Lenovo	Yoga_3_Pro
3	acer	acer_iconia
3	acer	acer_iconia_one
3	acer	acer_iconia_one_7B1-730
3	acer	acer_iconia_tab
3	acer	acer_iconia_tab_7A1-713
3	acer	iconia
3	acer	iconia_one
3	acer	iconia_one_7B1-730
3	acer	one_7B1-730
3	acer	iconia_tab
3	acer	iconia_tab_7A1-713
3	acer	tab_7A1-713
3	archos	archos_70GP
3	archos	archos
3	archos	archos_70B_titanum
3	archos	archos_80_Xenon
3	archos	70GP
3	archos	70B_titanum
3	archos	80_Xenon
3	Asus	Asus_FonePad
3	Asus	Asus_Fonepad_7
3	Asus	Asus_FonePad_8
3	Asus	FonePad
3	Asus	Fonepad_7
3	Asus	FonePad_8
3	Asus	asus_memopad
3	Asus	asus_memoPad_7
3	Asus	Asus_MemoPad_8
3	Asus	memopad
3	Asus	memoPad_7
3	Asus	MemoPad_8
3	Asus	FE171CG
3	Samsung	galaxy_tab
3	Samsung	galaxy_tab_4
3	Samsung	galaxy_tab_S
3	Samsung	tab_4
3	Samsung	tab_S
3	lenovo	idea_pad_miix_300
3	Apple	iPad
3	Apple	iPad_12
3	Apple	iPad_Air_2
3	Apple	iPad_Mini
3	Apple	iPad_Mini_3
3	Apple	Air_2
3	Apple	Mini_3
3	Apple	iPad_plus
3	Apple	iPad_Pro
3	Lenovo	Lenovo_A3300
3	Lenovo	lenovo_A3500
3	Lenovo	A3300
3	Lenovo	A3500
3	huawei	media_pad_x2
3	huawei	pad_x2
3	Microsoft	nokia_lumia_2520
3	Microsoft	lumia_2520
3	Microsoft	Microsoft_lumia_2520
3	nokia	nokia_n1
3	nokia	n1
3	alcatel	one_touch_pixi
3	alcatel	one_touch_pixi_3
3	alcatel	touch_pixi
3	alcatel	touch_pixi_3
3	Samsung	samsung_galaxy_tab
3	Samsung	samsung_galaxy_tab_3V
3	Samsung	samsung_galaxy_tab_4
3	Samsung	samsung_galaxy_tab_5
3	Samsung	samsung_galaxy_tab_A
3	Samsung	samsung_galaxy_tab_S
3	Samsung	Samsung_Ta3V
3	Samsung	Samsung_Tab_3V
3	Samsung	Samsung_Tab_47.0
3	Samsung	galaxy_tab
3	Samsung	galaxy_tab_3V
3	Samsung	galaxy_tab_4
3	Samsung	galaxy_tab_5
3	Samsung	galaxy_tab_A
3	Samsung	galaxy_tab_S
3	Samsung	tab_3V
3	Samsung	tab_4
3	Samsung	tab_5
3	Samsung	tab_A
3	Samsung	tab_S
3	Samsung	Ta3V
3	Samsung	Tab3V
3	Samsung	Tab47.0
3	Microsoft	surface_2
3	Microsoft	Surface_Pro
3	Microsoft	Surface_Pro_3
3	sony	sony_z4
3	sony	z4
3	sony	Tablet_Z4
3	sony	z4_tablet
3	sony	zperia_z4
3	Dell	Venue_107000
3	Dell	107000
4	may_in	may_in
4	may_in	may_scan
